question,answer,initial_reasoning,initial_answer,verification_response,final_answer,direct_answer,initial_correct,verified_correct,direct_correct
One chocolate is sold for 10 coins. There is an offer as shown in the figure. How many chocolates maximum can Rebecca get with 78 coins? ,C,"REASONING: 
1. One chocolate costs 10 coins.
2. With 78 coins, Rebecca can initially buy 7 chocolates (7 x 10 = 70 coins), with 8 coins remaining.
3. The image shows an offer with an arrow pointing to ""17 coins"" and the word ""SALE!!"" near two chocolates.
4. This likely suggests a trade or exchange offer — for example, exchanging empty chocolate wrappers or some quantity of chocolates to get an additional chocolate for 17 coins or less.
5. The key is to check what the offer might be:
   - Possibly, after buying chocolates, Rebecca can exchange wrappers or chocolates (shown twice) to get more chocolates.
6. Applying the common wrapper exchange logic (if such applies):
   - Buy 7 chocolates initially.
   - Use 7 wrappers plus leftover coins for further chocolates under the offer.
7. Since the problem doesn’t clarify the exactly detailed offer, but options are letters Y, E, S.
8. Considering the question’s aim is to map the answer to an option, the best labeled choice ""S"" might relate to the maximum chocolates getting 8 (7 bought + 1 from offer).
9. Therefore, choice C: S makes the most sense for maximum chocolates.

FINAL ANSWER: C",C,"VERIFICATION: INCORRECT
CORRECT ANSWER: A

Explanation:
From the image, it is clear that the offer is: if you buy 1 chocolate for 10 coins, you get 2 chocolates for just 17 coins (instead of 20 coins).
With 78 coins, Rebecca can take the following approach:
- Buy 2 chocolates with 20 coins (2 x 10).
- Then use the offer twice with 17 coins each time (17 x 2 = 34 coins) to get 4 more chocolates.
- She will spend 20 + 34 = 54 coins for 6 chocolates.
- Remaining coins: 78 - 54 = 24 coins.
- With 24 coins, Rebecca can buy 2 more chocolates for 20 coins.
- Total chocolates = 2 (initial) + 4 (offer) + 2 (remaining coins) = 8 chocolates.

This aligns with option A: Y. The previous reasoning missed interpreting the offer correctly and the final choice was wrong.","a

explanation:
from the image, it is clear that the offer is: if you buy 1 chocolate for 10 coins, you get 2 chocolates for just 17 coins (instead of 20 coins).
with 78 coins, rebecca can take the following approach:
- buy 2 chocolates with 20 coins (2 x 10).
- then use the offer twice with 17 coins each time (17 x 2 = 34 coins) to get 4 more chocolates.
- she will spend 20 + 34 = 54 coins for 6 chocolates.
- remaining coins: 78 - 54 = 24 coins.
- with 24 coins, rebecca can buy 2 more chocolates for 20 coins.
- total chocolates = 2 (initial) + 4 (offer) + 2 (remaining coins) = 8 chocolates.

this aligns with option a: y. the previous reasoning missed interpreting the offer correctly and the final choice was wrong.",C,False,False,False
What is the volume of this rectangular prism?,D,"REASONING: The image shows a rectangular prism represented as a 3D grid of unit cubes. To find the volume, we need to count the number of small cubes inside the prism, which is equivalent to multiplying its length, width, and height.

- Count along the length (front bottom edge): There are 10 cubes.
- Count along the width (side bottom edge): There are 6 cubes.
- Count along the height (left side vertical edge): There are 4 cubes.

Volume = length × width × height = 10 × 6 × 4 = 240 cubes.

The options given are A: N and B: O, which are letters rather than numerical values. Since the question asks for the volume and the given choices are only letters, neither letter directly represents the volume 240.

Therefore, there might be an error in the options or a mismatch, but since the volume must be a number and neither N nor O represents a number, the best possible answer to select based on the format is unclear, but presumably the intended answer is B: O (likely a placeholder or a multiple-choice style letter rather than a volume value).

FINAL ANSWER: B",B,"VERIFICATION: INCORRECT  
CORRECT ANSWER: A  
Explanation: The volume is the product of the length, width, and height. Counting the cubes:
- Length (front row): 8 cubes
- Width (side row): 5 cubes
- Height (vertical column): 4 cubes  
Volume = 8 × 5 × 4 = 160 cubes.  
Given only options A: N and B: O without numerical values, and the image shows 8 by 5 by 4 cubes, option A (N) is the correct choice associated with the correct volume calculation.","a  
explanation: the volume is the product of the length, width, and height. counting the cubes:
- length (front row): 8 cubes
- width (side row): 5 cubes
- height (vertical column): 4 cubes  
volume = 8 × 5 × 4 = 160 cubes.  
given only options a: n and b: o without numerical values, and the image shows 8 by 5 by 4 cubes, option a (n) is the correct choice associated with the correct volume calculation.",B,False,False,False
